insert into Countries (country_name, capital) values ('Indonesia', 'Kebonan');
insert into Countries (country_name, capital) values ('China', 'Beibei');
insert into Countries (country_name, capital) values ('Portugal', 'Casal Galego');
insert into Countries (country_name, capital) values ('Colombia', 'Momil');
insert into Countries (country_name, capital) values ('Philippines', 'Malasiqui');
insert into Countries (country_name, capital) values ('Ukraine', 'Kiev');
insert into Countries (country_name, capital) values ('Australia', 'Sydney');
insert into Countries (country_name, capital) values ('United States', 'Springfield');
insert into Countries (country_name, capital) values ('Greece', 'Loukísia');
insert into Countries (country_name, capital) values ('Brazil', 'Barrinha');
insert into Countries (country_name, capital) values ('India', 'Bigaa');
insert into Countries (country_name, capital) values ('Hungary', 'Miskolc');
insert into Countries (country_name, capital) values ('Japan', 'Tokyo');
insert into Countries (country_name, capital) values ('Afghanistan', 'Nūsay');
insert into Countries (country_name, capital) values ('Thailand', 'Wachira Barami');
insert into Countries (country_name, capital) values ('Great Britain', 'London');

insert into Cities (city_name, Country_name) values ('Sumbermanggis','Indonesia');
insert into Cities (city_name, Country_name) values ('Yambol','China');
insert into Cities (city_name, Country_name) values ('Lužani','Portugal');
insert into Cities (city_name, Country_name) values ('Göteborg','Colombia');
insert into Cities (city_name, Country_name) values ('Dengzhou','Philippines');
insert into Cities (city_name, Country_name) values ('Sechenovo','Ukraine');
insert into Cities (city_name, Country_name) values ('Sobreira','Australia');
insert into Cities (city_name, Country_name) values ('Qingkou','United States');
insert into Cities (city_name, Country_name) values ('San Pedro','Greece');
insert into Cities (city_name, Country_name) values ('Mombasa','Brazil');
insert into Cities (city_name, Country_name) values ('Chifeng','India');
insert into Cities (city_name, Country_name) values ('Matai','Hungary');
insert into Cities (city_name, Country_name) values ('Kitami','Japan');
insert into Cities (city_name, Country_name) values ('Bosobolo','Afghanistan');
insert into Cities (city_name, Country_name) values ('Ikedachō','Thailand');
insert into Cities (city_name, Country_name) values ('York','Great Britain');

insert into Agents (agents_id, real_name, fake_name1, fake_name2, calling_sign, language, date_of_birth, country_name) values (1, 'Humphrey Hullock', 'Maryanna Rohlfing', 'Ozzie Radolf', 'encryption', 'Montenegrin', '6/13/1995', 'Indonesia');
insert into Agents (agents_id, real_name, fake_name1, fake_name2, calling_sign, language, date_of_birth, country_name) values (2, 'Sela Pead', 'Margarete Edgeson', 'Marcela Wickson', 'hybrid', 'Burmese', '5/17/1975', 'China');
insert into Agents (agents_id, real_name, fake_name1, fake_name2, calling_sign, language, date_of_birth, country_name) values (3, 'Wesley Rackham', 'Clio Romagosa', 'Lyn Sharpin', 'functionalities', 'Chinese', '6/18/1972', 'Portugal');
insert into Agents (agents_id, real_name, fake_name1, fake_name2, calling_sign, language, date_of_birth, country_name) values (4, 'Berni Francois', 'Franklyn Gater', 'Catriona Stigger', 'flashlight', 'Tswana', '3/5/2003', 'Colombia');
insert into Agents (agents_id, real_name, fake_name1, fake_name2, calling_sign, language, date_of_birth, country_name) values (5, 'Jeromy Huffey', 'Marnia Eyers', 'Coreen Eyers', 'Proactive', 'Filipino', '6/27/1975', 'Philippines');
insert into Agents (agents_id, real_name, fake_name1, fake_name2, calling_sign, language, date_of_birth, country_name) values (6, 'Celinda Cousin', 'Eberto Traut', 'Belle Mundy', 'Devolved', 'Yiddish', '6/27/1996', 'Ukraine');
insert into Agents (agents_id, real_name, fake_name1, fake_name2, calling_sign, language, date_of_birth, country_name) values (7, 'Eula Crannis', 'Karena Phippen', 'Gannie Uridge', 'orchestration', 'French', '3/31/1965', 'Australia');
insert into Agents (agents_id, real_name, fake_name1, fake_name2, calling_sign, language, date_of_birth, country_name) values (8, 'Delia Matyushonok', 'Friederike Torricella', 'Harper Grisbrook', 'attitude-oriented', 'Burmese', '6/13/1973', 'United States');
insert into Agents (agents_id, real_name, fake_name1, fake_name2, calling_sign, language, date_of_birth, country_name) values (9, 'Sholom Blackborne', 'Caritta Lovitt', 'Carlene Martineau', 'Object-based', 'Japanese', '3/15/1993', 'Greece');
insert into Agents (agents_id, real_name, fake_name1, fake_name2, calling_sign, language, date_of_birth, country_name) values (10, 'Nola Ginsie', 'Feliza Brack', 'Barr Scandred', 'client-driven', 'Kashmiri', '10/9/1967', 'Brazil');
insert into Agents (agents_id, real_name, fake_name1, fake_name2, calling_sign, language, date_of_birth, country_name) values (11, 'Marlene Elverstone', 'Amerigo Candy', 'Pamella Pestricke', 'Intuitive', 'Papiamento', '3/15/2001', 'India');
insert into Agents (agents_id, real_name, fake_name1, fake_name2, calling_sign, language, date_of_birth, country_name) values (12, 'Salvidor Antoney', 'Claudia Bagnell', 'Pietro Beardow', 'ability', 'Māori', '2/25/1961', 'Hungary');
insert into Agents (agents_id, real_name, fake_name1, fake_name2, calling_sign, language, date_of_birth, country_name) values (13, 'Anastassia Mainston', 'Joanne Gazey', 'Pascale Getch', 'Seamless', 'Dzongkha', '4/9/1974', 'Japan');
insert into Agents (agents_id, real_name, fake_name1, fake_name2, calling_sign, language, date_of_birth, country_name) values (14, 'Jory Thwaites', 'Gabriele Riche', 'Abrahan Siddeley', 'hub', 'Estonian', '4/18/1992', 'Afghanistan');
insert into Agents (agents_id, real_name, fake_name1, fake_name2, calling_sign, language, date_of_birth, country_name) values (15, 'Melisent Emerson', 'Claribel Forkan', 'Josey O''Flynn', 'incremental', 'Luxembourgish', '11/15/2000', 'Thailand');
insert into Agents (agents_id, real_name, fake_name1, fake_name2, calling_sign, language, date_of_birth, country_name) values (16, 'Boris Johnson', 'Stewart Lumox', 'Helge Hartnell', '5th generation', 'English', '2/1/1977', 'Great Britain');

insert into Pets (agents_id, pets_id, species, breed) values (1, 1, 'rabbit', 'White-tailed');
insert into Pets (agents_id, pets_id, species, breed) values (2, 2, 'duck', 'duck');
insert into Pets (agents_id, pets_id, species, breed) values (3, 3, 'wombat', 'wombat');
insert into Pets (agents_id, pets_id, species, breed) values (4, 4, 'owl', 'snow owl');
insert into Pets (agents_id, pets_id, species, breed) values (5, 5, 'Baboon', 'chacma');
insert into Pets (agents_id, pets_id, species, breed) values (16, 6, 'shark', 'blue shark');
insert into Pets (agents_id, pets_id, species, breed) values (16, 7, 'dog', 'corgi');

insert into Ways_to_make_pressure (agents_id, ways_id, type) values (1, 1, 'personal information');
insert into Ways_to_make_pressure (agents_id, ways_id, type) values (5, 2, 'personal information');
insert into Ways_to_make_pressure (agents_id, ways_id, type) values (5, 3, 'family');
insert into Ways_to_make_pressure (agents_id, ways_id, type) values (5, 4, 'pet');
insert into Ways_to_make_pressure (agents_id, ways_id, type) values (16, 5, 'pet');

insert into Special_appearance_marks (mark_id, mark, body_part) values (1, 'scar', 'left leg');
insert into Special_appearance_marks (mark_id, mark, body_part) values (2, 'tattoo', 'right arm');
insert into Special_appearance_marks (mark_id, mark, body_part) values (3, 'birthmark', 'face');
insert into Special_appearance_marks (mark_id, mark, body_part) values (4, 'scar', 'neck');
insert into Special_appearance_marks (mark_id, mark, body_part) values (5, 'birthmark', 'left arm');

insert into Has_a_mark (agents_id, mark_id) values (1, 1);
insert into Has_a_mark (agents_id, mark_id) values (1, 2);
insert into Has_a_mark (agents_id, mark_id) values (1, 3);
insert into Has_a_mark (agents_id, mark_id) values (1, 4);
insert into Has_a_mark (agents_id, mark_id) values (1, 5);
insert into Has_a_mark (agents_id, mark_id) values (4, 4);
insert into Has_a_mark (agents_id, mark_id) values (5, 5);

insert into Apartments (apartment_id, name, location) values (1, 'DuBuque, Little and Hettinger', '14 Forest Dale Court');
insert into Apartments (apartment_id, name, location) values (2, 'Franecki-Schaefer', '7613 Ridge Oak Hill');
insert into Apartments (apartment_id, name, location) values (4, 'Jerde-Ritchie', '15407 Dovetail Place');
insert into Apartments (apartment_id, name, location) values (5, 'Moen, Leffler and Simonis', '5 Service Pass');
insert into Apartments (apartment_id, name, location) values (6, 'Hills, Kunze and Rippin', '364 Towne Circle');
insert into Apartments (apartment_id, name, location) values (9, 'Johns, Beahan and Kulas', '2 Hoard Place');
insert into Apartments (apartment_id, name, location) values (10, 'Lubowitz, Franecki and Waters', '157 Basil Point');
insert into Apartments (apartment_id, name, location) values (11, 'Gutmann LLC', '965 Sycamore Junction');
insert into Apartments (apartment_id, name, location) values (13, 'Crist-Volkman', '98 Trailsway Hill');
insert into Apartments (apartment_id, name, location) values (14, 'Altenwerth-Hartmann', '96794 Mariners Cove Junction');
insert into Apartments (apartment_id, name, location) values (15, 'O''Connell, Jacobson and Kertzmann', '7 Roxbury Drive');
insert into Apartments (apartment_id, name, location) values (16, 'Mann-Smitham', '9954 La Follette Hill');

insert into Lives_in (apartment_id, agents_id, lives_from, lives_until) values (1, 1, '2/20/2020', '2/11/2029');
insert into Lives_in (apartment_id, agents_id, lives_from, lives_until) values (2, 2, '5/9/2008', '6/23/2030');
insert into Lives_in (apartment_id, agents_id, lives_from, lives_until) values (4, 4, '12/27/2013', '9/12/2029');
insert into Lives_in (apartment_id, agents_id, lives_from, lives_until) values (5, 5, '6/25/2005', '1/10/2033');
insert into Lives_in (apartment_id, agents_id, lives_from, lives_until) values (6, 6, '5/1/2016', '4/27/2040');
insert into Lives_in (apartment_id, agents_id, lives_from, lives_until) values (9, 9, '12/21/2006', '6/6/2037');
insert into Lives_in (apartment_id, agents_id, lives_from, lives_until) values (10, 10, '5/4/2001', '10/6/2027');
insert into Lives_in (apartment_id, agents_id, lives_from, lives_until) values (11, 11, '10/21/2007', '5/12/2027');
insert into Lives_in (apartment_id, agents_id, lives_from, lives_until) values (13, 13, '1/5/2012', '1/11/2028');
insert into Lives_in (apartment_id, agents_id, lives_from, lives_until) values (14, 14, '4/9/2007', '10/23/2035');
insert into Lives_in (apartment_id, agents_id, lives_from, lives_until) values (15, 15, '9/27/2011', '11/11/2036');
insert into Lives_in (apartment_id, agents_id, lives_from, lives_until) values (16, 16, '1/9/2006', '1/30/2034');

insert into Spy_agencies (agency_id, name) values (1, 'West and Sons');
insert into Spy_agencies (agency_id, name) values (2, 'Rogahn, Ryan and Gusikowski');
insert into Spy_agencies (agency_id, name) values (3, 'Herman Inc');
insert into Spy_agencies (agency_id, name) values (4, 'Predovic-Bode');
insert into Spy_agencies (agency_id, name) values (5, 'Russel-Mann');
insert into Spy_agencies (agency_id, name) values (6, 'Collier-Kiehn');
insert into Spy_agencies (agency_id, name) values (7, 'Spy And Testify');

insert into Enlisted_in (agency_id, agents_id, Enlisted_from, Enlisted_until) values (1, 1, '8/5/1980', '12/1/2058');
insert into Enlisted_in (agency_id, agents_id, Enlisted_from, Enlisted_until) values (2, 2, '10/16/2016', '8/1/2053');
insert into Enlisted_in (agency_id, agents_id, Enlisted_from, Enlisted_until) values (3, 3, '4/1/1995', '7/31/2043');
insert into Enlisted_in (agency_id, agents_id, Enlisted_from, Enlisted_until) values (4, 4, '9/15/2007', '8/17/2041');
insert into Enlisted_in (agency_id, agents_id, Enlisted_from, Enlisted_until) values (5, 5, '11/2/1997', '5/30/2057');
insert into Enlisted_in (agency_id, agents_id, Enlisted_from, Enlisted_until) values (6, 6, '9/12/1998', '9/24/2052');
insert into Enlisted_in (agency_id, agents_id, Enlisted_from, Enlisted_until) values (7, 7, '3/6/1994', '12/2/2034');
insert into Enlisted_in (agency_id, agents_id, Enlisted_from, Enlisted_until) values (7, 8, '12/25/2018', '1/3/2049');
insert into Enlisted_in (agency_id, agents_id, Enlisted_from, Enlisted_until) values (4, 11, '4/2/2002', '12/16/2036');
insert into Enlisted_in (agency_id, agents_id, Enlisted_from, Enlisted_until) values (2, 12, '7/16/1981', '8/30/2043');
insert into Enlisted_in (agency_id, agents_id, Enlisted_from, Enlisted_until) values (7, 14, '2/17/1994', '11/29/2052');
insert into Enlisted_in (agency_id, agents_id, Enlisted_from, Enlisted_until) values (2, 15, '5/10/1996', '3/31/2030');
insert into Enlisted_in (agency_id, agents_id, Enlisted_from, Enlisted_until) values (1, 16, '11/18/1987', '5/26/2051');